fips,unemp
01001,5.3
01003,5.4
01005,8.6
01007,6.6
01009,5.5
01011,7.2
01013,7.1
01015,6.7
01017,5.5
01019,5.2
01021,5.6
01023,8.9
01025,11.1
01027,6.2
01029,6.1
01031,6.1
01033,7.0
01035,8.6
01037,6.1
01039,7.0
01041,6.0
01043,5.1
01045,5.9
01047,9.4
01049,6.2
01051,4.9
01053,6.7
01055,6.0
01057,7.0
01059,6.1
01061,5.9
01063,10.1
01065,7.8
01067,6.6
01069,5.9
01071,6.4
01073,5.9
01075,5.7
01077,6.4
01079,7.0
01081,5.3
01083,5.3
01085,10.8
01087,7.7
01089,5.2
01091,7.4
01093,6.7
01095,5.5
01097,6.9
01099,9.4
01101,5.9
01103,5.6
01105,10.6
01107,6.9
01109,6.4
01111,5.7
01113,5.6
01115,5.3
01117,4.4
01119,7.8
01121,6.8
01123,5.6
01125,5.8
01127,7.6
01129,8.7
01131,14.7
01133,7.3
02013,2.7
02016,3.3
02020,5.3
02050,14.1
02060,6.9
02068,8.6
02070,9.7
02090,5.7
02100,9.8
02105,11.5
02110,4.4
02122,8.2
02130,6.2
02150,5.0
02158,21.3
02164,12.3
02170,8.1
02180,12.5
02185,6.5
02188,15.7
02195,8.6
02198,11.7
02220,4.3
02230,10.6
02240,10.2
02261,8.2
02275,7.3
02282,8.1
02290,17.2
04001,11.3
04003,6.1
04005,5.9
04007,7.2
04009,6.7
04011,7.6
04012,6.0
04013,4.5
04015,6.6
04017,8.1
04019,4.9
04021,5.5
04023,9.9
04025,4.9
04027,18.6
05001,3.5
05003,6.3
05005,4.3
05007,2.9
05009,3.7
05011,5.2
05013,4.7
05015,3.6
05017,6.6
05019,4.5
05021,5.7
05023,6.0
05025,4.6
05027,5.8
05029,5.8
05031,3.3
05033,3.9
05035,4.6
05037,4.5
05039,5.0
05041,5.5
05043,5.8
05045,3.8
05047,4.1
05049,4.4
05051,4.3
05053,3.6
05055,4.3
05057,3.8
05059,4.0
05061,3.3
05063,5.0
05065,5.6
05067,6.2
05069,5.6
05071,4.8
05073,5.9
05075,4.4
05077,4.8
05079,4.9
05081,4.7
05083,4.6
05085,3.4
05087,3.2
05089,4.0
05091,4.2
05093,6.8
05095,4.9
05097,5.3
05099,3.7
05101,3.9
05103,5.1
05105,4.8
05107,5.9
05109,4.3
05111,4.3
05113,4.9
05115,4.6
05117,3.9
05119,3.6
05121,4.7
05123,5.2
05125,3.2
05127,3.8
05129,4.5
05131,3.7
05133,5.0
05135,5.5
05137,5.2
05139,5.5
05141,7.0
05143,2.7
05145,5.2
05147,5.5
05149,4.5
06001,4.2
06003,6.5
06005,5.9
06007,6.5
06009,5.6
06011,15.5
06013,4.4
06015,7.5
06017,5.1
06019,9.4
06021,8.2
06023,4.9
06025,23.5
06027,5.2
06029,10.3
06031,10.0
06033,6.6
06035,6.9
06037,5.2
06039,9.2
06041,3.2
06043,6.9
06045,5.2
06047,10.5
06049,7.8
06051,5.3
06053,7.6
06055,4.3
06057,4.7
06059,4.0
06061,4.4
06063,9.6
06065,6.1
06067,5.4
06069,6.8
06071,5.7
06073,4.7
06075,3.3
06077,8.1
06079,4.3
06081,3.0
06083,5.0
06085,3.8
06087,6.9
06089,6.9
06091,7.6
06093,8.5
06095,5.5
06097,4.0
06099,8.5
06101,9.6
06103,7.1
06105,7.1
06107,11.0
06109,6.2
06111,5.2
06113,5.8
06115,8.5
08001,3.6
08003,4.1
08005,3.1
08007,3.3
08009,1.7
08011,3.1
08013,2.7
08014,2.9
08015,2.7
08017,2.3
08019,3.2
08021,4.9
08023,4.9
08025,3.6
08027,3.2
08029,5.0
08031,3.1
08033,4.0
08035,2.7
08037,2.8
08039,2.7
08041,3.8
08043,5.3
08045,3.6
08047,2.4
08049,2.7
08051,2.3
08053,2.3
08055,6.4
08057,2.7
08059,3.0
08061,2.1
08063,2.1
08065,2.9
08067,2.9
08069,2.8
08071,5.2
08073,2.6
08075,3.0
08077,5.4
08079,2.2
08081,4.0
08083,5.0
08085,4.2
08087,3.5
08089,4.8
08091,3.8
08093,2.8
08095,2.0
08097,3.4
08099,3.3
08101,4.9
08103,5.1
08105,5.1
08107,2.7
08109,4.9
08111,3.8
08113,3.3
08115,2.4
08117,2.1
08119,3.8
08121,2.2
08123,3.4
08125,2.2
09001,4.8
09003,5.3
09005,4.6
09007,4.4
09009,5.5
09011,5.0
09013,4.4
09015,5.5
10001,4.7
10003,4.3
10005,4.4
11001,6.0
12001,4.3
12003,4.9
12005,4.9
12007,4.3
12009,5.2
12011,4.6
12013,5.7
12015,5.3
12017,6.8
12019,4.5
12021,4.8
12023,4.8
12027,5.2
12029,5.5
12031,5.0
12033,4.9
12035,5.5
12037,4.3
12039,6.3
12041,5.1
12043,6.2
12045,4.5
12047,5.6
12049,6.7
12051,9.1
12053,6.1
12055,6.6
12057,4.5
12059,5.4
12061,6.2
12063,5.3
12065,5.3
12067,4.1
12069,4.9
12071,4.6
12073,4.6
12075,5.2
12077,5.3
12079,5.3
12081,4.6
12083,5.8
12085,4.9
12086,5.4
12087,3.2
12089,4.6
12091,4.0
12093,5.4
12095,4.4
12097,5.0
12099,4.8
12101,5.2
12103,4.4
12105,5.6
12107,6.3
12109,3.7
12111,5.7
12113,4.5
12115,4.6
12117,4.3
12119,7.0
12121,4.9
12123,5.5
12125,4.4
12127,5.1
12129,4.1
12131,4.3
12133,5.2
13001,6.4
13003,5.2
13005,5.3
13007,7.7
13009,6.8
13011,4.9
13013,4.7
13015,5.1
13017,8.1
13019,6.2
13021,6.0
13023,7.2
13025,6.7
13027,5.2
13029,4.9
13031,5.7
13033,7.6
13035,5.6
13037,5.8
13039,5.7
13043,4.9
13045,6.0
13047,4.8
13049,5.8
13051,5.2
13053,8.4
13055,6.2
13057,4.2
13059,5.6
13061,10.5
13063,6.6
13065,6.2
13067,4.6
13069,5.9
13071,5.3
13073,4.7
13075,5.4
13077,5.0
13079,5.9
13081,6.1
13083,5.1
13085,4.7
13087,6.7
13089,5.4
13091,7.4
13093,5.8
13095,6.9
13097,5.5
13099,7.0
13101,4.3
13103,4.9
13105,6.5
13107,7.8
13109,5.0
13111,5.3
13113,4.7
13115,6.0
13117,4.2
13119,5.3
13121,5.4
13123,5.6
13125,6.1
13127,5.3
13129,5.7
13131,5.5
13133,5.8
13135,4.7
13137,5.3
13139,4.5
13141,8.4
13143,5.8
13145,5.0
13147,5.5
13149,5.9
13151,5.5
13153,5.4
13155,7.7
13157,4.2
13159,4.8
13161,6.3
13163,7.5
13165,7.6
13167,6.2
13169,4.9
13171,6.5
13173,5.7
13175,6.7
13177,4.8
13179,5.8
13181,5.9
13183,5.5
13185,5.2
13187,4.9
13189,7.2
13191,5.8
13193,8.3
13195,5.0
13197,7.4
13199,6.8
13201,5.5
13205,6.6
13207,5.2
13209,7.6
13211,5.0
13213,6.9
13215,6.9
13217,6.0
13219,4.1
13221,4.9
13223,4.6
13225,6.9
13227,4.9
13229,5.4
13231,5.2
13233,6.1
13235,5.9
13237,7.0
13239,7.4
13241,5.9
13243,8.5
13245,6.7
13247,5.7
13249,6.4
13251,7.6
13253,7.9
13255,6.8
13257,5.9
13259,6.6
13261,7.7
13263,6.7
13265,6.5
13267,5.4
13269,7.2
13271,8.6
13273,6.6
13275,6.4
13277,5.5
13279,7.8
13281,6.7
13283,7.8
13285,5.1
13287,6.6
13289,8.7
13291,4.7
13293,6.5
13295,5.6
13297,4.9
13299,5.5
13301,7.0
13303,6.4
13305,6.7
13307,8.8
13309,9.1
13311,4.6
13313,5.9
13315,7.0
13317,6.3
13319,6.3
13321,5.9
15001,3.8
15003,2.8
15007,3.3
15009,3.2
16001,3.3
16003,7.1
16005,3.5
16007,4.6
16009,6.2
16011,3.6
16013,3.2
16015,5.5
16017,5.5
16019,3.2
16021,5.3
16023,4.1
16025,3.8
16027,4.4
16029,3.7
16031,3.0
16033,3.5
16035,7.5
16037,5.2
16039,4.2
16041,3.1
16043,3.4
16045,4.7
16047,3.1
16049,5.7
16051,3.1
16053,3.1
16055,4.8
16057,3.3
16059,6.3
16061,6.5
16063,4.5
16065,2.5
16067,3.3
16069,3.4
16071,3.7
16073,4.5
16075,4.7
16077,4.2
16079,7.3
16081,3.2
16083,3.4
16085,5.6
16087,5.7
17001,4.8
17003,9.2
17005,5.1
17007,6.3
17009,3.4
17011,6.1
17013,6.3
17015,5.7
17017,5.6
17019,5.1
17021,6.3
17023,5.9
17025,6.8
17027,4.5
17029,5.9
17031,6.2
17033,6.2
17035,5.2
17037,5.4
17039,5.7
17041,4.7
17043,4.8
17045,6.0
17047,5.8
17049,4.7
17051,6.7
17053,5.5
17055,8.1
17057,7.4
17059,7.6
17061,5.9
17063,6.8
17065,6.3
17067,6.6
17069,9.8
17071,6.2
17073,6.1
17075,5.5
17077,5.4
17079,6.3
17081,6.5
17083,5.8
17085,5.4
17087,8.6
17089,5.5
17091,6.4
17093,5.2
17095,6.1
17097,5.2
17099,6.7
17101,7.5
17103,5.1
17105,5.5
17107,5.3
17109,6.3
17111,5.3
17113,5.1
17115,6.6
17117,6.0
17119,5.9
17121,6.4
17123,6.6
17125,7.1
17127,7.0
17129,4.6
17131,6.2
17133,4.1
17135,7.1
17137,4.9
17139,4.6
17141,5.9
17143,6.8
17145,7.1
17147,5.0
17149,5.1
17151,7.0
17153,8.8
17155,5.6
17157,5.0
17159,6.0
17161,6.3
17163,6.1
17165,8.6
17167,4.9
17169,5.8
17171,5.6
17173,5.8
17175,7.2
17177,5.8
17179,6.3
17181,7.4
17183,7.2
17185,6.4
17187,5.3
17189,3.8
17191,8.6
17193,6.6
17195,5.8
17197,6.1
17199,6.2
17201,6.6
17203,5.4
18001,3.6
18003,4.3
18005,3.4
18007,4.2
18009,5.4
18011,3.4
18013,4.0
18015,4.2
18017,4.7
18019,4.1
18021,4.7
18023,3.9
18025,5.6
18027,3.6
18029,4.7
18031,3.6
18033,3.9
18035,5.2
18037,3.1
18039,3.5
18041,5.8
18043,4.1
18045,5.8
18047,4.3
18049,4.7
18051,3.7
18053,5.0
18055,6.6
18057,3.2
18059,3.8
18061,4.2
18063,3.5
18065,4.6
18067,4.7
18069,4.1
18071,3.7
18073,5.3
18075,4.6
18077,4.7
18079,4.8
18081,3.6
18083,4.4
18085,3.7
18087,3.4
18089,6.3
18091,5.9
18093,5.7
18095,5.0
18097,4.4
18099,3.8
18101,4.2
18103,4.7
18105,4.6
18107,3.9
18109,4.2
18111,5.6
18113,4.1
18115,4.9
18117,5.1
18119,5.5
18121,5.3
18123,4.6
18125,4.4
18127,5.1
18129,4.0
18131,4.6
18133,4.5
18135,4.5
18137,4.6
18139,3.8
18141,4.5
18143,4.8
18145,4.0
18147,4.1
18149,5.4
18151,3.7
18153,5.9
18155,4.9
18157,4.0
18159,3.9
18161,4.0
18163,4.1
18165,6.6
18167,5.4
18169,4.3
18171,4.9
18173,4.1
18175,4.5
18177,4.8
18179,3.6
18181,4.0
18183,3.9
19001,3.0
19003,2.7
19005,5.0
19007,4.8
19009,3.3
19011,3.6
19013,4.7
19015,2.8
19017,3.7
19019,4.2
19021,3.6
19023,4.4
19025,3.9
19027,2.6
19029,3.3
19031,3.4
19033,3.7
19035,3.7
19037,4.5
19039,3.4
19041,3.9
19043,4.3
19045,5.0
19047,5.6
19049,2.7
19051,4.3
19053,3.3
19055,3.5
19057,5.0
19059,4.4
19061,3.6
19063,4.3
19065,4.5
19067,3.7
19069,3.5
19071,3.3
19073,3.2
19075,3.5
19077,3.6
19079,3.8
19081,2.7
19083,4.0
19085,3.4
19087,3.6
19089,3.7
19091,2.9
19093,2.6
19095,3.1
19097,4.2
19099,3.6
19101,3.7
19103,2.6
19105,4.3
19107,4.4
19109,2.7
19111,6.2
19113,3.7
19115,4.0
19117,3.2
19119,2.1
19121,3.6
19123,3.8
19125,3.1
19127,4.9
19129,3.7
19131,2.7
19133,4.2
19135,4.7
19137,3.6
19139,3.9
19141,2.8
19143,2.7
19145,5.1
19147,3.2
19149,2.6
19151,2.9
19153,3.5
19155,3.4
19157,3.5
19159,3.5
19161,3.1
19163,4.6
19165,3.0
19167,2.3
19169,2.4
19171,4.2
19173,3.0
19175,3.8
19177,3.7
19179,5.9
19181,3.2
19183,3.0
19185,3.9
19187,4.0
19189,3.5
19191,3.6
19193,3.6
19195,3.5
19197,4.2
20001,5.9
20003,4.5
20005,6.4
20007,4.1
20009,4.7
20011,5.1
20013,3.9
20015,4.3
20017,3.7
20019,5.5
20021,4.6
20023,2.9
20025,2.9
20027,4.5
20029,4.5
20031,6.3
20033,3.4
20035,4.6
20037,5.0
20039,4.2
20041,4.6
20043,4.1
20045,3.6
20047,3.1
20049,5.3
20051,3.2
20053,4.2
20055,3.2
20057,3.3
20059,4.3
20061,5.8
20063,2.6
20065,5.0
20067,3.8
20069,2.3
20071,2.3
20073,5.2
20075,2.7
20077,3.9
20079,4.4
20081,2.7
20083,2.9
20085,3.6
20087,4.1
20089,4.7
20091,3.3
20093,3.3
20095,4.7
20097,2.9
20099,5.7
20101,3.4
20103,4.4
20105,3.8
20107,6.7
20109,2.8
20111,4.2
20113,3.3
20115,4.3
20117,3.2
20119,2.9
20121,4.3
20123,3.6
20125,6.4
20127,4.1
20129,4.1
20131,2.8
20133,7.5
20135,3.8
20137,2.6
20139,4.6
20141,3.7
20143,4.0
20145,3.6
20147,3.2
20149,3.5
20151,4.3
20153,2.6
20155,4.6
20157,2.9
20159,4.2
20161,3.3
20163,5.2
20165,4.2
20167,4.5
20169,3.8
20171,2.6
20173,4.8
20175,4.6
20177,4.1
20179,2.6
20181,3.5
20183,3.5
20185,4.1
20187,3.1
20189,4.4
20191,4.4
20193,2.9
20195,4.2
20197,3.8
20199,2.9
20201,3.5
20203,2.5
20205,6.4
20207,6.2
20209,5.7
21001,6.6
21003,4.2
21005,4.0
21007,8.6
21009,4.6
21011,7.2
21013,9.0
21015,3.8
21017,4.7
21019,8.1
21021,4.9
21023,6.0
21025,9.4
21027,6.0
21029,4.1
21031,5.3
21033,5.3
21035,4.5
21037,3.8
21039,5.9
21041,5.0
21043,10.2
21045,4.6
21047,6.0
21049,4.7
21051,9.6
21053,7.3
21055,5.0
21057,5.5
21059,4.5
21061,6.1
21063,10.9
21065,5.7
21067,3.5
21069,5.9
21071,10.9
21073,4.0
21075,6.8
21077,4.8
21079,4.7
21081,4.9
21083,6.0
21085,6.4
21087,4.4
21089,8.6
21091,5.4
21093,4.4
21095,12.1
21097,4.6
21099,4.6
21101,4.7
21103,4.1
21105,5.6
21107,5.5
21109,7.5
21111,4.4
21113,3.8
21115,9.6
21117,4.1
21119,11.2
21121,7.9
21123,4.5
21125,6.1
21127,10.4
21129,9.2
21131,13.0
21133,11.9
21135,9.2
21137,6.0
21139,7.0
21141,4.2
21143,5.6
21145,5.7
21147,7.7
21149,4.8
21151,4.1
21153,18.8
21155,4.1
21157,5.6
21159,10.1
21161,6.1
21163,5.0
21165,8.4
21167,4.7
21169,4.5
21171,4.0
21173,6.3
21175,7.8
21177,7.0
21179,4.5
21181,5.4
21183,6.5
21185,3.4
21187,4.1
21189,9.4
21191,4.8
21193,10.5
21195,10.8
21197,7.0
21199,5.3
21201,5.9
21203,5.9
21205,5.5
21207,8.3
21209,3.7
21211,3.5
21213,4.4
21215,3.8
21217,5.1
21219,4.2
21221,5.6
21223,5.3
21225,6.7
21227,3.9
21229,4.1
21231,7.3
21233,5.9
21235,6.5
21237,9.7
21239,3.2
22001,7.4
22003,6.4
22005,4.9
22007,8.5
22009,7.1
22011,6.0
22013,7.7
22015,5.4
22017,6.6
22019,4.8
22021,7.6
22023,4.4
22025,9.3
22027,6.7
22029,8.3
22031,7.4
22033,5.1
22035,11.7
22037,5.7
22039,7.4
22041,9.1
22043,7.0
22045,9.4
22047,6.8
22049,5.7
22051,5.3
22053,6.0
22055,6.2
22057,6.3
22059,6.6
22061,6.5
22063,5.1
22065,9.0
22067,9.8
22069,7.0
22071,5.9
22073,6.1
22075,5.3
22077,6.5
22079,6.1
22081,6.1
22083,7.4
22085,6.9
22087,6.1
22089,5.3
22091,7.6
22093,7.5
22095,6.8
22097,8.1
22099,7.8
22101,9.4
22103,5.0
22105,6.7
22107,9.9
22109,7.0
22111,6.5
22113,7.7
22115,7.3
22117,7.0
22119,8.6
22121,5.3
22123,11.9
22125,5.1
22127,7.8
23001,3.6
23003,5.7
23005,2.9
23007,4.4
23009,4.7
23011,3.6
23013,3.6
23015,3.8
23017,4.8
23019,4.4
23021,5.4
23023,3.0
23025,5.8
23027,4.2
23029,6.2
23031,3.4
24001,6.1
24003,3.7
24005,4.5
24009,3.8
24011,4.7
24013,3.5
24015,5.1
24017,4.2
24019,6.0
24021,3.7
24023,5.5
24025,4.1
24027,3.2
24029,4.7
24031,3.3
24033,4.4
24035,3.8
24037,4.1
24039,7.0
24041,4.1
24043,4.9
24045,6.0
24047,9.0
24510,6.3
25001,4.7
25003,4.3
25005,4.7
25007,5.0
25009,3.8
25011,3.3
25013,5.0
25015,3.3
25017,3.0
25019,4.2
25021,3.2
25023,3.9
25025,3.4
25027,3.9
26001,7.4
26003,8.0
26005,3.7
26007,5.7
26009,6.8
26011,8.1
26013,7.9
26015,3.8
26017,5.2
26019,6.4
26021,4.8
26023,4.6
26025,4.6
26027,4.6
26029,5.3
26031,9.0
26033,7.4
26035,7.2
26037,3.6
26039,7.4
26041,6.3
26043,5.2
26045,4.0
26047,6.2
26049,5.4
26051,6.8
26053,6.5
26055,4.1
26057,5.0
26059,4.9
26061,5.9
26063,5.0
26065,4.1
26067,4.1
26069,7.1
26071,6.5
26073,4.5
26075,4.7
26077,3.9
26079,6.9
26081,3.4
26083,8.4
26085,7.3
26087,6.5
26089,4.7
26091,4.5
26093,4.2
26095,6.5
26097,9.4
26099,5.3
26101,6.3
26103,5.6
26105,5.6
26107,5.4
26109,5.6
26111,4.5
26113,5.7
26115,4.3
26117,5.0
26119,9.7
26121,5.2
26123,4.7
26125,4.2
26127,7.1
26129,7.5
26131,8.3
26133,5.5
26135,7.2
26137,5.7
26139,3.2
26141,9.2
26143,8.1
26145,5.1
26147,6.2
26149,4.0
26151,6.0
26153,9.1
26155,5.1
26157,6.1
26159,5.5
26161,3.4
26163,6.4
26165,5.6
27001,7.0
27003,3.8
27005,4.7
27007,5.3
27009,4.5
27011,4.9
27013,3.2
27015,4.1
27017,5.4
27019,3.3
27021,6.7
27023,4.5
27025,4.4
27027,3.5
27029,9.6
27031,4.6
27033,7.3
27035,5.1
27037,3.4
27039,3.8
27041,3.5
27043,4.4
27045,4.1
27047,3.9
27049,3.8
27051,4.7
27053,3.4
27055,4.0
27057,6.5
27059,4.7
27061,8.7
27063,4.5
27065,6.6
27067,3.8
27069,4.7
27071,8.5
27073,4.3
27075,6.5
27077,4.7
27079,4.9
27081,3.6
27083,3.6
27085,4.5
27087,5.7
27089,7.4
27091,4.2
27093,4.5
27095,6.0
27097,5.7
27099,3.2
27101,4.8
27103,2.8
27105,3.8
27107,4.9
27109,3.0
27111,4.4
27113,5.8
27115,5.9
27117,3.9
27119,4.4
27121,3.6
27123,3.6
27125,7.2
27127,4.1
27129,5.3
27131,3.5
27133,2.3
27135,5.1
27137,5.8
27139,3.3
27141,4.1
27143,4.3
27145,3.8
27147,3.6
27149,3.0
27151,5.3
27153,4.7
27155,3.7
27157,3.7
27159,6.0
27161,4.3
27163,3.4
27165,5.0
27167,3.3
27169,3.6
27171,3.9
27173,3.9
28001,8.3
28003,5.2
28005,7.4
28007,6.7
28009,6.7
28011,7.3
28013,5.4
28015,7.5
28017,6.6
28019,5.7
28021,11.4
28023,6.8
28025,8.1
28027,8.8
28029,6.5
28031,5.5
28033,4.2
28035,5.7
28037,7.2
28039,7.4
28041,7.3
28043,5.2
28045,6.1
28047,5.5
28049,5.4
28051,11.0
28053,11.4
28055,14.3
28057,5.0
28059,6.5
28061,7.7
28063,14.9
28065,8.3
28067,6.1
28069,8.7
28071,4.8
28073,4.5
28075,5.9
28077,7.1
28079,6.1
28081,4.8
28083,9.3
28085,5.7
28087,6.2
28089,4.3
28091,6.6
28093,6.0
28095,6.3
28097,6.4
28099,5.8
28101,6.0
28103,8.3
28105,5.5
28107,7.4
28109,6.0
28111,7.1
28113,6.8
28115,4.8
28117,5.5
28119,9.7
28121,4.0
28123,4.6
28125,8.9
28127,5.4
28129,5.3
28131,6.7
28133,9.5
28135,6.8
28137,5.8
28139,5.5
28141,5.5
28143,7.1
28145,4.4
28147,7.7
28149,6.4
28151,9.0
28153,7.3
28155,6.3
28157,10.2
28159,7.1
28161,6.2
28163,7.4
29001,5.7
29003,3.8
29005,4.6
29007,4.2
29009,4.5
29011,5.2
29013,5.3
29015,6.1
29017,5.1
29019,3.2
29021,4.1
29023,5.7
29025,4.6
29027,4.1
29029,5.7
29031,4.3
29033,5.4
29035,7.0
29037,4.1
29039,5.0
29041,4.3
29043,3.9
29045,7.3
29047,3.9
29049,4.2
29051,3.6
29053,4.9
29055,5.3
29057,4.4
29059,5.5
29061,3.8
29063,4.4
29065,5.4
29067,6.1
29069,8.2
29071,4.4
29073,4.3
29075,3.7
29077,3.8
29079,4.6
29081,4.2
29083,5.0
29085,5.6
29087,3.3
29089,4.4
29091,6.3
29093,7.1
29095,5.1
29097,4.1
29099,4.3
29101,4.9
29103,3.5
29105,5.5
29107,4.3
29109,4.3
29111,4.5
29113,4.5
29115,6.8
29117,3.9
29119,4.3
29121,4.8
29123,5.5
29125,5.0
29127,4.3
29129,4.6
29131,5.2
29133,6.6
29135,4.3
29137,4.8
29139,4.6
29141,5.8
29143,9.3
29145,4.3
29147,4.6
29149,6.1
29151,3.4
29153,7.3
29155,8.9
29157,3.5
29159,4.9
29161,4.7
29163,4.5
29165,3.6
29167,4.8
29169,5.4
29171,4.5
29173,4.0
29175,5.2
29177,4.9
29179,6.5
29181,7.0
29183,3.5
29185,6.3
29186,4.6
29187,5.5
29189,4.2
29195,4.7
29197,6.3
29199,4.1
29201,5.7
29203,7.4
29205,4.1
29207,6.4
29209,7.0
29211,5.8
29213,7.4
29215,6.2
29217,4.8
29219,4.2
29221,6.3
29223,5.4
29225,4.9
29227,3.0
29229,5.9
29510,5.4
30001,3.3
30003,7.2
30005,4.6
30007,4.9
30009,3.9
30011,2.9
30013,4.0
30015,3.8
30017,3.5
30019,2.6
30021,3.9
30023,3.8
30025,3.6
30027,3.9
30029,5.6
30031,2.8
30033,2.8
30035,8.6
30037,4.4
30039,5.9
30041,4.3
30043,4.6
30045,3.4
30047,4.7
30049,3.3
30051,3.1
30053,9.0
30055,2.0
30057,3.8
30059,4.0
30061,7.6
30063,3.7
30065,5.1
30067,4.3
30069,4.8
30071,5.3
30073,4.2
30075,2.3
30077,5.0
30079,3.4
30081,4.8
30083,5.0
30085,5.3
30087,5.5
30089,7.8
30091,3.3
30093,4.3
30095,4.0
30097,3.1
30099,3.7
30101,3.5
30103,4.5
30105,3.4
30107,5.1
30109,3.8
30111,3.6
31001,3.3
31003,2.7
31005,6.2
31007,3.8
31009,4.5
31011,2.8
31013,3.8
31015,3.2
31017,3.9
31019,2.6
31021,3.8
31023,3.3
31025,3.5
31027,2.7
31029,2.2
31031,2.4
31033,3.0
31035,3.3
31037,3.0
31039,3.0
31041,2.5
31043,4.3
31045,3.1
31047,3.1
31049,2.8
31051,3.5
31053,3.2
31055,3.5
31057,2.3
31059,2.9
31061,3.1
31063,3.0
31065,2.9
31067,3.5
31069,3.4
31071,2.8
31073,2.7
31075,2.4
31077,3.3
31079,3.8
31081,2.9
31083,2.6
31085,2.5
31087,3.8
31089,2.6
31091,3.8
31093,3.5
31095,2.5
31097,3.3
31099,2.5
31101,3.1
31103,2.1
31105,4.3
31107,3.2
31109,2.9
31111,3.2
31113,2.9
31115,3.6
31117,2.4
31119,2.9
31121,3.8
31123,3.4
31125,2.8
31127,3.8
31129,3.1
31131,3.5
31133,2.4
31135,2.3
31137,2.6
31139,2.8
31141,3.7
31143,2.8
31145,3.0
31147,3.4
31149,2.7
31151,3.2
31153,3.0
31155,3.2
31157,3.6
31159,3.0
31161,3.0
31163,3.3
31165,2.8
31167,2.7
31169,2.6
31171,3.4
31173,5.0
31175,3.0
31177,3.3
31179,2.8
31181,3.3
31183,2.3
31185,2.8
32001,5.4
32003,5.8
32005,5.6
32007,4.5
32009,4.5
32011,4.6
32013,5.4
32015,6.2
32017,5.1
32019,7.4
32021,6.6
32023,7.3
32027,5.9
32029,6.3
32031,5.0
32033,4.6
32510,6.1
33001,2.8
33003,3.0
33005,2.7
33007,3.9
33009,2.4
33011,3.0
33013,2.5
33015,3.0
33017,2.5
33019,2.4
34001,7.4
34003,4.2
34005,4.4
34007,5.5
34009,9.8
34011,7.5
34013,6.0
34015,5.1
34017,4.7
34019,3.8
34021,4.3
34023,4.4
34025,4.4
34027,3.9
34029,5.2
34031,6.1
34033,6.3
34035,4.1
34037,4.7
34039,5.2
34041,4.6
35001,5.8
35003,8.2
35005,6.8
35006,8.3
35007,6.1
35009,5.1
35011,4.9
35013,7.2
35015,6.6
35017,6.6
35019,6.5
35021,7.2
35023,5.7
35025,9.5
35027,6.0
35028,4.2
35029,14.7
35031,9.5
35033,8.8
35035,6.0
35037,6.9
35039,7.5
35041,5.7
35043,6.7
35045,8.9
35047,7.7
35049,5.4
35051,8.5
35053,7.5
35055,8.5
35057,9.1
35059,4.1
35061,7.2
36001,4.0
36003,6.2
36005,7.1
36007,5.4
36009,5.9
36011,5.0
36013,5.8
36015,5.7
36017,5.0
36019,5.3
36021,3.7
36023,5.7
36025,5.5
36027,4.2
36029,4.9
36031,5.3
36033,5.6
36035,5.7
36037,4.6
36039,5.0
36041,6.5
36043,5.5
36045,6.2
36047,5.3
36049,6.7
36051,4.9
36053,5.2
36055,4.7
36057,5.7
36059,3.9
36061,4.5
36063,5.8
36065,4.8
36067,4.5
36069,4.3
36071,4.3
36073,5.7
36075,6.4
36077,4.9
36079,4.0
36081,4.5
36083,4.3
36085,5.2
36087,4.2
36089,6.6
36091,3.8
36093,4.3
36095,5.4
36097,6.0
36099,4.7
36101,5.8
36103,4.3
36105,4.8
36107,5.1
36109,4.1
36111,4.4
36113,5.2
36115,4.6
36117,4.9
36119,4.2
36121,5.3
36123,4.4
37001,4.7
37003,4.3
37005,5.6
37007,5.8
37009,4.8
37011,5.0
37013,5.7
37015,6.7
37017,6.9
37019,6.3
37021,3.8
37023,4.9
37025,4.5
37027,5.2
37029,5.2
37031,5.2
37033,5.4
37035,4.7
37037,4.2
37039,5.6
37041,6.4
37043,5.4
37045,5.5
37047,6.4
37049,5.3
37051,6.3
37053,5.2
37055,6.7
37057,4.8
37059,4.5
37061,5.4
37063,4.5
37065,8.6
37067,4.9
37069,5.1
37071,5.3
37073,5.2
37075,8.8
37077,4.3
37079,5.2
37081,5.2
37083,8.0
37085,5.7
37087,4.6
37089,4.2
37091,6.5
37093,6.5
37095,9.4
37097,4.8
37099,5.4
37101,4.6
37103,5.3
37105,5.9
37107,5.9
37109,4.6
37111,4.8
37113,5.4
37115,4.9
37117,6.7
37119,4.7
37121,6.1
37123,5.2
37125,5.0
37127,6.6
37129,4.7
37131,7.3
37133,5.5
37135,4.3
37137,5.3
37139,6.3
37141,5.3
37143,6.4
37145,5.5
37147,5.5
37149,4.7
37151,4.9
37153,7.0
37155,7.9
37157,5.6
37159,5.5
37161,6.7
37163,5.4
37165,9.2
37167,4.6
37169,4.8
37171,4.8
37173,6.1
37175,4.9
37177,8.4
37179,4.3
37181,7.2
37183,4.2
37185,7.3
37187,7.4
37189,4.5
37191,5.8
37193,4.8
37195,8.1
37197,4.4
37199,5.2
38001,2.7
38003,3.3
38005,4.1
38007,3.2
38009,4.8
38011,2.2
38013,4.9
38015,2.6
38017,2.3
38019,2.7
38021,2.0
38023,2.7
38025,3.1
38027,4.5
38029,4.5
38031,3.1
38033,2.8
38035,2.4
38037,3.2
38039,3.0
38041,3.1
38043,3.9
38045,2.5
38047,3.5
38049,5.1
38051,3.2
38053,3.8
38055,3.6
38057,4.6
38059,3.3
38061,3.1
38063,3.5
38065,5.4
38067,5.1
38069,4.1
38071,2.9
38073,2.3
38075,4.1
38077,2.8
38079,11.0
38081,2.0
38083,5.8
38085,4.4
38087,2.5
38089,4.0
38091,2.2
38093,2.5
38095,2.3
38097,2.9
38099,3.9
38101,4.2
38103,4.0
38105,4.4
39001,7.5
39003,5.0
39005,5.0
39007,6.0
39009,6.2
39011,3.7
39013,7.4
39015,5.7
39017,4.4
39019,6.8
39021,4.5
39023,5.2
39025,4.4
39027,5.8
39029,6.6
39031,7.0
39033,6.0
39035,5.4
39037,4.1
39039,4.8
39041,3.5
39043,5.5
39045,4.2
39047,4.4
39049,4.0
39051,4.6
39053,6.7
39055,4.4
39057,4.3
39059,7.0
39061,4.3
39063,3.6
39065,5.0
39067,7.5
39069,5.3
39071,6.3
39073,5.4
39075,3.5
39077,6.5
39079,7.8
39081,8.3
39083,4.5
39085,4.8
39087,6.4
39089,4.3
39091,4.2
39093,5.9
39095,5.1
39097,3.8
39099,6.3
39101,5.0
39103,4.3
39105,8.3
39107,3.2
39109,4.3
39111,11.1
39113,4.8
39115,8.1
39117,4.9
39119,6.0
39121,8.6
39123,6.4
39125,4.6
39127,6.2
39129,4.7
39131,7.4
39133,5.0
39135,4.7
39137,3.6
39139,5.5
39141,5.5
39143,4.7
39145,7.6
39147,4.8
39149,4.1
39151,5.4
39153,5.0
39155,6.7
39157,5.7
39159,3.8
39161,4.0
39163,7.0
39165,4.1
39167,6.9
39169,3.9
39171,4.4
39173,4.1
39175,3.7
40001,6.0
40003,3.4
40005,6.7
40007,3.2
40009,7.5
40011,3.8
40013,4.4
40015,5.4
40017,4.0
40019,5.2
40021,5.6
40023,7.8
40025,2.5
40027,3.9
40029,7.5
40031,4.7
40033,4.9
40035,4.9
40037,5.9
40039,4.7
40041,5.0
40043,4.1
40045,3.9
40047,4.3
40049,5.4
40051,5.0
40053,3.3
40055,7.5
40057,3.9
40059,3.9
40061,8.4
40063,7.5
40065,4.5
40067,7.2
40069,5.9
40071,6.4
40073,3.4
40075,5.4
40077,8.8
40079,7.0
40081,5.3
40083,4.1
40085,3.2
40087,4.2
40089,7.2
40091,9.0
40093,4.2
40095,5.1
40097,5.2
40099,4.5
40101,5.5
40103,3.7
40105,6.2
40107,6.2
40109,4.3
40111,7.2
40113,5.8
40115,5.1
40117,6.7
40119,3.8
40121,6.3
40123,4.1
40125,4.7
40127,7.6
40129,5.2
40131,5.1
40133,7.1
40135,6.3
40137,9.7
40139,3.5
40141,4.5
40143,4.7
40145,4.8
40147,4.9
40149,7.2
40151,3.3
40153,6.3
41001,6.4
41003,3.9
41005,4.4
41007,4.8
41009,6.2
41011,6.5
41013,7.0
41015,6.9
41017,4.9
41019,6.4
41021,5.9
41023,7.8
41025,6.3
41027,4.2
41029,5.8
41031,6.7
41033,6.6
41035,6.9
41037,6.4
41039,5.1
41041,5.7
41043,5.8
41045,5.6
41047,5.1
41049,5.0
41051,4.3
41053,5.1
41055,4.6
41057,5.0
41059,5.4
41061,5.9
41063,6.7
41065,4.9
41067,4.2
41069,4.3
41071,4.7
42001,4.0
42003,5.2
42005,7.6
42007,6.3
42009,5.9
42011,5.0
42013,5.3
42015,6.6
42017,4.6
42019,5.1
42021,6.9
42023,7.5
42025,6.0
42027,4.2
42029,3.9
42031,6.4
42033,7.4
42035,7.1
42037,5.6
42039,6.0
42041,4.1
42043,4.8
42045,4.9
42047,5.6
42049,6.6
42051,8.2
42053,8.0
42055,5.2
42057,6.4
42059,7.8
42061,7.1
42063,7.3
42065,6.9
42067,5.4
42069,5.7
42071,4.2
42073,6.8
42075,4.5
42077,5.4
42079,6.4
42081,6.7
42083,6.7
42085,6.0
42087,5.8
42089,6.3
42091,4.2
42093,4.3
42095,5.2
42097,6.3
42099,4.7
42101,6.8
42103,6.4
42105,7.9
42107,6.2
42109,4.7
42111,7.3
42113,7.2
42115,5.7
42117,7.2
42119,4.8
42121,7.3
42123,5.5
42125,6.2
42127,5.9
42129,5.9
42131,6.2
42133,4.7
44001,4.6
44003,4.8
44005,4.7
44007,5.7
44009,4.8
45001,5.3
45003,4.8
45005,8.5
45007,4.4
45009,9.0
45011,7.0
45013,4.6
45015,4.4
45017,6.0
45019,3.9
45021,5.7
45023,6.9
45025,4.8
45027,6.3
45029,5.4
45031,6.0
45033,6.6
45035,4.4
45037,5.5
45039,7.0
45041,5.1
45043,6.5
45045,4.1
45047,5.0
45049,5.7
45051,5.6
45053,4.2
45055,5.1
45057,5.2
45059,5.0
45061,6.9
45063,4.0
45065,5.5
45067,8.4
45069,8.2
45071,4.4
45073,5.0
45075,8.6
45077,4.8
45079,4.7
45081,4.4
45083,4.6
45085,5.7
45087,6.0
45089,7.5
45091,4.5
46003,2.1
46005,2.5
46007,3.7
46009,2.6
46011,2.6
46013,2.5
46015,2.4
46017,7.9
46019,3.2
46021,2.8
46023,3.0
46025,3.7
46027,2.8
46029,2.9
46031,4.2
46033,3.8
46035,2.3
46037,4.1
46039,4.6
46041,8.5
46043,2.4
46045,2.2
46047,4.2
46049,2.5
46051,3.1
46053,2.9
46055,2.3
46057,3.2
46059,2.0
46061,3.2
46063,2.7
46065,2.2
46067,2.4
46069,2.5
46071,3.9
46073,2.2
46075,2.3
46077,2.5
46079,3.2
46081,3.1
46083,2.0
46085,4.5
46087,2.3
46089,3.3
46091,3.6
46093,3.0
46095,3.9
46097,2.5
46099,2.4
46101,3.4
46102,10.0
46103,2.9
46105,2.8
46107,2.6
46109,3.9
46111,2.8
46115,2.9
46117,2.2
46119,2.2
46121,6.1
46123,2.1
46125,2.7
46127,2.9
46129,4.8
46135,2.4
46137,4.2
47001,5.0
47003,5.1
47005,7.3
47007,7.1
47009,4.5
47011,4.5
47013,7.0
47015,4.7
47017,6.8
47019,5.7
47021,4.0
47023,5.1
47025,6.3
47027,6.7
47029,6.5
47031,4.8
47033,5.3
47035,6.0
47037,3.6
47039,7.0
47041,5.7
47043,4.4
47045,6.3
47047,5.2
47049,6.3
47051,5.0
47053,6.0
47055,4.1
47057,5.5
47059,5.5
47061,6.7
47063,5.2
47065,4.7
47067,8.0
47069,6.3
47071,6.1
47073,5.5
47075,6.6
47077,7.0
47079,5.9
47081,4.6
47083,7.7
47085,6.1
47087,7.2
47089,5.4
47091,4.9
47093,4.1
47095,7.9
47097,7.8
47099,5.8
47101,6.1
47103,4.2
47105,4.8
47107,5.5
47109,7.1
47111,4.4
47113,5.0
47115,6.4
47117,4.6
47119,4.1
47121,6.9
47123,5.4
47125,5.2
47127,3.9
47129,6.6
47131,7.2
47133,5.5
47135,6.5
47137,6.7
47139,5.8
47141,5.0
47143,7.4
47145,5.6
47147,4.2
47149,3.8
47151,7.6
47153,5.9
47155,5.0
47157,5.5
47159,4.6
47161,7.0
47163,5.3
47165,3.9
47167,5.8
47169,4.9
47171,7.2
47173,5.8
47175,6.3
47177,4.9
47179,4.9
47181,6.7
47183,6.1
47185,5.1
47187,3.5
47189,3.9
48001,4.3
48003,4.8
48005,6.0
48007,5.7
48009,4.4
48011,2.8
48013,5.3
48015,5.3
48017,4.4
48019,4.1
48021,3.7
48023,3.6
48025,7.7
48027,4.4
48029,3.7
48031,3.1
48033,3.6
48035,4.3
48037,4.7
48039,5.2
48041,3.4
48043,3.8
48045,4.4
48047,11.9
48049,4.4
48051,4.7
48053,3.5
48055,4.3
48057,5.6
48059,4.3
48061,7.2
48063,6.8
48065,3.4
48067,7.3
48069,3.1
48071,6.1
48073,5.2
48075,3.1
48077,4.5
48079,5.6
48081,4.1
48083,5.9
48085,3.5
48087,3.5
48089,4.8
48091,3.6
48093,4.3
48095,3.6
48097,4.0
48099,4.5
48101,5.4
48103,8.5
48105,7.6
48107,4.4
48109,3.8
48111,2.3
48113,4.0
48115,5.1
48117,3.1
48119,4.0
48121,3.4
48123,5.6
48125,5.1
48127,7.2
48129,4.3
48131,11.1
48133,5.5
48135,6.4
48137,4.9
48139,3.8
48141,4.9
48143,4.1
48145,4.5
48147,3.8
48149,3.7
48151,4.4
48153,5.2
48155,3.9
48157,5.0
48159,5.0
48161,6.9
48163,5.0
48165,3.7
48167,5.3
48169,3.9
48171,2.8
48173,3.8
48175,5.8
48177,4.3
48179,7.0
48181,3.8
48183,6.1
48185,6.7
48187,3.6
48189,5.7
48191,7.1
48193,4.9
48195,3.1
48197,3.9
48199,6.1
48201,5.3
48203,6.1
48205,2.2
48207,4.4
48209,3.3
48211,3.8
48213,4.7
48215,7.8
48217,4.5
48219,4.7
48221,4.7
48223,4.0
48225,4.5
48227,5.6
48229,6.7
48231,4.3
48233,5.6
48235,3.2
48237,4.9
48239,4.8
48241,7.8
48243,2.9
48245,7.0
48247,9.6
48249,10.7
48251,4.3
48253,5.9
48255,4.9
48257,3.8
48259,3.2
48261,5.2
48263,3.0
48265,3.6
48267,3.9
48269,4.0
48271,6.0
48273,6.9
48275,4.4
48277,4.6
48279,6.6
48281,4.1
48283,5.2
48285,4.3
48287,3.8
48289,6.6
48291,7.6
48293,5.7
48295,4.6
48297,6.0
48299,4.1
48301,4.3
48303,3.4
48305,4.0
48307,4.6
48309,4.0
48311,2.2
48313,5.1
48315,7.1
48317,4.4
48319,3.7
48321,7.4
48323,11.3
48325,4.4
48327,4.6
48329,4.4
48331,5.2
48333,4.2
48335,7.2
48337,5.0
48339,4.9
48341,3.0
48343,11.0
48345,3.7
48347,4.7
48349,4.2
48351,8.1
48353,4.9
48355,5.7
48357,5.4
48359,3.0
48361,6.8
48363,5.6
48365,7.4
48367,4.1
48369,2.5
48371,5.9
48373,6.3
48375,3.3
48377,10.7
48379,4.0
48381,3.0
48383,6.6
48385,5.7
48387,5.9
48389,5.6
48391,6.8
48393,4.7
48395,5.0
48397,3.5
48399,4.1
48401,5.8
48403,9.6
48405,9.1
48407,6.3
48409,7.6
48411,3.4
48413,5.7
48415,5.9
48417,3.9
48419,6.0
48421,2.9
48423,4.5
48425,4.7
48427,13.6
48429,5.3
48431,4.2
48433,4.6
48435,8.0
48437,4.3
48439,3.9
48441,3.7
48443,4.1
48445,4.9
48447,3.7
48449,6.2
48451,4.5
48453,3.1
48455,6.3
48457,7.6
48459,6.5
48461,5.4
48463,5.3
48465,6.3
48467,4.3
48469,5.4
48471,5.3
48473,5.7
48475,5.8
48477,5.1
48479,4.9
48481,5.0
48483,5.0
48485,4.4
48487,4.8
48489,12.4
48491,3.3
48493,3.9
48495,7.9
48497,4.8
48499,5.3
48501,4.7
48503,4.4
48505,11.0
48507,14.1
49001,5.0
49003,3.5
49005,3.1
49007,5.9
49009,4.9
49011,3.1
49013,8.9
49015,6.3
49017,8.4
49019,5.8
49021,4.3
49023,3.6
49025,3.8
49027,3.3
49029,3.0
49031,6.0
49033,3.2
49035,3.2
49037,8.0
49039,3.9
49041,4.4
49043,3.1
49045,3.8
49047,9.3
49049,3.0
49051,3.3
49053,3.7
49055,7.7
49057,3.8
50001,3.1
50003,3.8
50005,4.1
50007,2.5
50009,5.9
50011,3.2
50013,4.0
50015,4.3
50017,3.1
50019,5.2
50021,3.9
50023,3.2
50025,3.3
50027,2.9
51001,4.8
51003,3.5
51005,5.1
51007,4.2
51009,4.3
51011,4.6
51013,2.6
51015,3.6
51017,3.7
51019,4.1
51021,5.2
51023,3.6
51025,6.0
51027,10.8
51029,5.3
51031,4.4
51033,4.4
51035,5.1
51036,4.5
51037,5.0
51041,3.8
51043,3.5
51045,4.7
51047,3.8
51049,4.6
51051,9.9
51053,4.8
51057,4.8
51059,3.2
51061,3.4
51063,4.0
51065,3.3
51067,4.3
51069,3.5
51071,5.3
51073,3.7
51075,3.7
51077,5.2
51079,3.2
51081,5.1
51083,5.8
51085,3.5
51087,3.8
51089,5.6
51091,3.2
51093,4.3
51095,3.9
51097,4.2
51099,4.2
51101,3.7
51103,5.6
51105,6.8
51107,3.2
51109,3.8
51111,4.6
51113,3.1
51115,4.0
51117,5.6
51119,3.8
51121,4.0
51125,3.6
51127,3.4
51131,5.7
51133,5.4
51135,3.9
51137,4.0
51139,5.6
51141,4.8
51143,4.7
51145,3.5
51147,5.3
51149,4.8
51153,3.6
51155,5.8
51157,3.5
51159,3.7
51161,3.5
51163,4.4
51165,3.5
51167,6.5
51169,4.8
51171,3.7
51173,5.8
51175,3.9
51177,4.1
51179,3.9
51181,5.3
51183,6.1
51185,7.5
51187,4.0
51191,4.5
51193,4.6
51195,8.5
51197,5.7
51199,3.9
51510,2.9
51520,5.1
51530,5.1
51540,3.3
51550,4.3
51570,4.4
51580,5.8
51590,6.0
51595,6.5
51600,3.0
51610,2.7
51620,5.9
51630,4.7
51640,5.0
51650,5.6
51660,4.7
51670,6.5
51678,6.3
51680,5.2
51683,3.6
51685,3.5
51690,7.1
51700,5.1
51710,5.2
51720,6.8
51730,7.6
51735,3.5
51740,6.1
51750,5.4
51760,4.6
51770,4.3
51775,3.9
51790,3.9
51800,4.7
51810,3.9
51820,4.1
51830,5.6
51840,3.9
53001,6.8
53003,5.1
53005,6.5
53007,5.9
53009,7.9
53011,6.3
53013,6.8
53015,7.5
53017,7.1
53019,10.8
53021,7.6
53023,6.0
53025,7.4
53027,8.7
53029,6.0
53031,7.3
53033,3.9
53035,5.8
53037,6.0
53039,7.1
53041,8.1
53043,5.7
53045,7.8
53047,6.9
53049,8.3
53051,9.1
53053,6.3
53055,4.8
53057,6.8
53059,7.2
53061,4.4
53063,6.3
53065,8.6
53067,5.8
53069,9.0
53071,5.6
53073,6.0
53075,5.1
53077,8.0
54001,6.7
54003,3.8
54005,8.9
54007,8.6
54009,6.9
54011,4.7
54013,12.6
54015,10.2
54017,4.9
54019,7.9
54021,8.2
54023,5.8
54025,5.3
54027,4.2
54029,6.9
54031,5.6
54033,5.8
54035,6.4
54037,3.3
54039,5.4
54041,8.4
54043,8.4
54045,10.1
54047,12.1
54049,6.4
54051,7.9
54053,7.1
54055,6.5
54057,5.9
54059,12.5
54061,4.3
54063,4.5
54065,4.3
54067,8.8
54069,5.5
54071,3.9
54073,8.1
54075,6.6
54077,5.6
54079,4.8
54081,6.9
54083,5.9
54085,6.5
54087,10.1
54089,6.1
54091,5.5
54093,5.3
54095,8.7
54097,7.4
54099,6.5
54101,8.3
54103,9.2
54105,8.7
54107,5.7
54109,10.1
55001,6.2
55003,5.6
55005,4.7
55007,7.1
55009,3.7
55011,4.6
55013,6.2
55015,3.3
55017,4.4
55019,4.0
55021,3.7
55023,5.0
55025,2.9
55027,3.8
55029,5.1
55031,5.5
55033,4.2
55035,3.5
55037,6.2
55039,3.6
55041,6.4
55043,4.1
55045,3.4
55047,5.0
55049,3.6
55051,7.7
55053,4.5
55055,4.0
55057,4.6
55059,4.8
55061,3.8
55063,3.7
55065,3.3
55067,5.3
55069,4.5
55071,4.5
55073,3.7
55075,5.6
55077,5.2
55078,7.8
55079,5.1
55081,4.0
55083,4.6
55085,5.0
55087,3.6
55089,3.5
55091,3.9
55093,4.2
55095,4.7
55097,3.9
55099,4.4
55101,5.1
55103,3.8
55105,4.6
55107,5.3
55109,3.9
55111,3.7
55113,6.5
55115,4.3
55117,3.5
55119,4.3
55121,3.8
55123,3.7
55125,5.8
55127,4.1
55129,5.2
55131,3.5
55133,3.6
55135,4.1
55137,5.2
55139,3.7
55141,5.0
56001,3.2
56003,4.9
56005,7.1
56007,4.6
56009,6.2
56011,4.5
56013,7.1
56015,3.4
56017,4.8
56019,5.3
56021,4.1
56023,4.6
56025,7.1
56027,3.2
56029,4.7
56031,4.8
56033,4.6
56035,6.4
56037,6.0
56039,3.4
56041,5.8
56043,4.7
56045,4.9
72001,16.9
72003,14.0
72005,14.8
72007,14.3
72009,15.0
72011,12.9
72013,13.2
72015,18.4
72017,14.2
72019,13.0
72021,8.9
72023,12.5
72025,10.3
72027,12.4
72029,11.6
72031,8.6
72033,10.0
72035,10.7
72037,13.0
72039,16.2
72041,10.3
72043,18.2
72045,13.7
72047,12.4
72049,3.3
72051,8.0
72053,13.7
72054,14.5
72055,18.2
72057,16.4
72059,18.7
72061,6.0
72063,8.6
72065,15.6
72067,12.3
72069,14.1
72071,14.1
72073,13.1
72075,14.7
72077,13.3
72079,18.5
72081,19.2
72083,14.9
72085,13.6
72087,11.4
72089,14.2
72091,11.6
72093,15.2
72095,18.5
72097,13.7
72099,15.5
72101,13.5
72103,12.4
72105,13.0
72107,15.5
72109,20.6
72111,16.6
72113,13.4
72115,16.0
72117,15.7
72119,10.5
72121,15.9
72123,21.7
72125,15.1
72127,7.9
72129,12.6
72131,18.9
72133,16.8
72135,8.4
72137,8.9
72139,7.2
72141,15.5
72143,11.6
72145,13.9
72147,10.6
72149,20.2
72151,16.9
72153,18.8
